INDEX,STATUS,PLATFORMS,TACTIC,TID,TECHNIQUE,SUBTECHNIQUES,DATA SOURCES
1,Active,windows,command-and-control,T1001,Data Obfuscation,"T1001.001
T1001.002
T1001.003","packet-capture
process-use-of-network
process-monitoring
network-protocol-analysis"
2,Active,windows,command-and-control,T1001.001,Junk Data,n_a,"packet-capture
process-use-of-network
process-monitoring
network-protocol-analysis"
3,Active,windows,command-and-control,T1001.002,Steganography,n_a,"packet-capture
process-use-of-network
process-monitoring
network-protocol-analysis"
4,Active,windows,command-and-control,T1001.003,Protocol Impersonation,n_a,"packet-capture
process-use-of-network
process-monitoring
network-protocol-analysis"
5,Active,windows,credential-access,T1003,OS Credential Dumping,"T1003.001
T1003.002
T1003.003
T1003.004
T1003.005
T1003.006
T1003.007
T1003.008","api-monitoring
process-monitoring
powershell-logs
process-command-line-parameters"
6,Active,windows,credential-access,T1003.001,LSASS Memory,n_a,"process-command-line-parameters
powershell-logs
process-monitoring"
7,Active,windows,credential-access,T1003.002,Security Account Manager,n_a,"process-command-line-parameters
powershell-logs
process-monitoring"
8,Active,windows,credential-access,T1003.003,NTDS,n_a,"windows-event-logs
process-command-line-parameters
powershell-logs
process-monitoring"
9,Active,windows,credential-access,T1003.004,LSA Secrets,n_a,"process-monitoring
powershell-logs
process-command-line-parameters"
10,Active,windows,credential-access,T1003.005,Cached Domain Credentials,n_a,"powershell-logs
process-command-line-parameters
process-monitoring"
11,Active,windows,credential-access,T1003.006,DCSync,n_a,windows-event-logs
12,Active,windows,collection,T1005,Data from Local System,n_a,"file-monitoring
process-monitoring
process-command-line-parameters"
13,Active,windows,defense-evasion,T1006,Direct Volume Access,n_a,api-monitoring
14,Active,windows,discovery,T1007,System Service Discovery,n_a,"process-monitoring
process-command-line-parameters"
15,Active,windows,command-and-control,T1008,Fallback Channels,n_a,"malware-reverse-engineering
netflow-enclave-netflow
packet-capture
process-monitoring
process-use-of-network"
16,Active,windows,discovery,T1010,Application Window Discovery,n_a,"api-monitoring
process-monitoring
process-command-line-parameters"
17,Active,windows,exfiltration,T1011,Exfiltration Over Other Network Medium,T1011.001,"user-interface
process-monitoring"
18,Active,windows,exfiltration,T1011.001,Exfiltration Over Bluetooth,n_a,"process-monitoring
user-interface"
19,Active,windows,discovery,T1012,Query Registry,n_a,"windows-registry
process-monitoring
process-command-line-parameters"
20,Active,windows,defense-evasion,T1014,Rootkit,n_a,"bios
mbr
system-calls"
21,Active,windows,discovery,T1016,System Network Configuration Discovery,n_a,"process-monitoring
process-command-line-parameters"
22,Active,windows,discovery,T1018,Remote System Discovery,n_a,"azure-activity-logs
stackdriver-logs
aws-cloudtrail-logs
network-protocol-analysis
process-monitoring
process-use-of-network
process-command-line-parameters"
23,Active,windows,exfiltration,T1020,Automated Exfiltration,n_a,"file-monitoring
process-monitoring
process-use-of-network"
24,Active,windows,lateral-movement,T1021,Remote Services,"T1021.001
T1021.002
T1021.003
T1021.004
T1021.005
T1021.006","windows-registry
windows-event-logs
process-use-of-network
process-monitoring
process-command-line-parameters
powershell-logs
packet-capture
network-protocol-analysis
netflow-enclave-netflow
file-monitoring
dll-monitoring
authentication-logs
api-monitoring"
25,Active,windows,lateral-movement,T1021.001,Remote Desktop Protocol,n_a,"process-monitoring
netflow-enclave-netflow
authentication-logs"
26,Active,windows,lateral-movement,T1021.002,SMB/Windows Admin Shares,n_a,"process-command-line-parameters
process-monitoring
authentication-logs
process-use-of-network"
27,Active,windows,lateral-movement,T1021.003,Distributed Component Object Model,n_a,"windows-event-logs
windows-registry
process-monitoring
packet-capture
dll-monitoring
authentication-logs
api-monitoring
powershell-logs"
28,Active,windows,lateral-movement,T1021.005,VNC,n_a,"process-use-of-network
network-protocol-analysis
netflow-enclave-netflow"
29,Active,windows,lateral-movement,T1021.006,Windows Remote Management,n_a,"process-command-line-parameters
process-monitoring
netflow-enclave-netflow
authentication-logs
file-monitoring"
30,Active,windows,collection,T1025,Data from Removable Media,n_a,"file-monitoring
process-monitoring
process-command-line-parameters"
31,Active,windows,defense-evasion,T1027,Obfuscated Files or Information,"T1027.001
T1027.002
T1027.003
T1027.004
T1027.005","network-protocol-analysis
process-use-of-network
file-monitoring
malware-reverse-engineering
binary-file-metadata
process-command-line-parameters
environment-variable
process-monitoring
windows-event-logs
network-intrusion-detection-system
email-gateway
ssl-tls-inspection"
32,Active,windows,defense-evasion,T1027.001,Binary Padding,n_a,"process-monitoring
binary-file-metadata
file-monitoring
malware-reverse-engineering"
33,Active,windows,defense-evasion,T1027.002,Software Packing,n_a,binary-file-metadata
34,Active,windows,defense-evasion,T1027.003,Steganography,n_a,binary-file-metadata
35,Active,windows,defense-evasion,T1027.004,Compile After Delivery,n_a,"file-monitoring
process-command-line-parameters
process-monitoring"
36,Active,windows,defense-evasion,T1027.005,Indicator Removal from Tools,n_a,"process-monitoring
process-command-line-parameters
anti-virus
binary-file-metadata"
37,Active,windows,exfiltration,T1029,Scheduled Transfer,n_a,"netflow-enclave-netflow
process-use-of-network
process-monitoring"
38,Active,windows,exfiltration,T1030,Data Transfer Size Limits,n_a,"packet-capture
netflow-enclave-netflow
process-use-of-network
process-monitoring"
39,Active,windows,discovery,T1033,System Owner/User Discovery,n_a,"file-monitoring
process-monitoring
process-command-line-parameters"
40,Active,windows,defense-evasion,T1036,Masquerading,"T1036.001
T1036.002
T1036.003
T1036.004
T1036.005
T1036.006","process-command-line-parameters
file-monitoring
process-monitoring
binary-file-metadata"
41,Active,windows,defense-evasion,T1036.001,Invalid Code Signature,n_a,"file-monitoring
process-monitoring
binary-file-metadata"
42,Active,windows,defense-evasion,T1036.002,Right-to-Left Override,n_a,file-monitoring
43,Active,windows,defense-evasion,T1036.003,Rename System Utilities,n_a,"file-monitoring
process-monitoring
process-command-line-parameters
binary-file-metadata"
44,Active,windows,defense-evasion,T1036.004,Masquerade Task or Service,n_a,"windows-registry
process-monitoring
process-command-line-parameters
windows-event-logs"
45,Active,windows,defense-evasion,T1036.005,Match Legitimate Name or Location,n_a,"file-monitoring
process-monitoring
process-command-line-parameters
binary-file-metadata"
46,Active,windows,persistence,T1037,Boot or Logon Initialization Scripts,"T1037.001
T1037.002
T1037.003
T1037.004
T1037.005","file-monitoring
process-monitoring"
47,Active,windows,privilege-escalation,T1037,Boot or Logon Initialization Scripts,"T1037.001
T1037.002
T1037.003
T1037.004
T1037.005","file-monitoring
process-monitoring"
48,Active,windows,persistence,T1037.001,Logon Script (Windows),n_a,"process-monitoring
windows-registry"
49,Active,windows,privilege-escalation,T1037.001,Logon Script (Windows),n_a,"process-monitoring
windows-registry"
50,Active,windows,persistence,T1037.003,Network Logon Script,n_a,"process-monitoring
file-monitoring"
51,Active,windows,privilege-escalation,T1037.003,Network Logon Script,n_a,"process-monitoring
file-monitoring"
52,Active,windows,collection,T1039,Data from Network Shared Drive,n_a,"file-monitoring
process-monitoring
process-command-line-parameters"
53,Active,windows,credential-access,T1040,Network Sniffing,n_a,"network-device-logs
host-network-interface
netflow-enclave-netflow
process-monitoring"
54,Active,windows,discovery,T1040,Network Sniffing,n_a,"network-device-logs
host-network-interface
netflow-enclave-netflow
process-monitoring"
55,Active,windows,exfiltration,T1041,Exfiltration Over C2 Channel,n_a,"packet-capture
process-use-of-network
netflow-enclave-netflow
process-monitoring"
56,Active,windows,discovery,T1046,Network Service Scanning,n_a,"netflow-enclave-netflow
network-protocol-analysis
packet-capture
process-command-line-parameters
process-use-of-network"
57,Active,windows,execution,T1047,Windows Management Instrumentation,n_a,"authentication-logs
netflow-enclave-netflow
process-monitoring
process-command-line-parameters"
58,Active,windows,exfiltration,T1048,Exfiltration Over Alternative Protocol,"T1048.001
T1048.002
T1048.003","process-monitoring
process-use-of-network
packet-capture
netflow-enclave-netflow
network-protocol-analysis"
59,Active,windows,exfiltration,T1048.001,Exfiltration Over Symmetric Encrypted Non-C2 Protocol,n_a,"malware-reverse-engineering
network-protocol-analysis
netflow-enclave-netflow
packet-capture
process-use-of-network"
60,Active,windows,exfiltration,T1048.002,Exfiltration Over Asymmetric Encrypted Non-C2 Protocol,n_a,"network-protocol-analysis
netflow-enclave-netflow
packet-capture
process-use-of-network"
61,Active,windows,exfiltration,T1048.003,Exfiltration Over Unencrypted/Obfuscated Non-C2 Protocol,n_a,"network-protocol-analysis
netflow-enclave-netflow
packet-capture
process-use-of-network"
62,Active,windows,discovery,T1049,System Network Connections Discovery,n_a,"process-monitoring
process-command-line-parameters"
63,Active,windows,exfiltration,T1052,Exfiltration Over Physical Medium,T1052.001,"process-monitoring
data-loss-prevention
file-monitoring"
64,Active,windows,exfiltration,T1052.001,Exfiltration over USB,n_a,"process-monitoring
data-loss-prevention
file-monitoring"
65,Active,windows,execution,T1053,Scheduled Task/Job,"T1053.001
T1053.002
T1053.003
T1053.004
T1053.005","file-monitoring
process-monitoring
process-command-line-parameters
windows-event-logs"
66,Active,windows,persistence,T1053,Scheduled Task/Job,"T1053.001
T1053.002
T1053.003
T1053.004
T1053.005","file-monitoring
process-monitoring
process-command-line-parameters
windows-event-logs"
67,Active,windows,privilege-escalation,T1053,Scheduled Task/Job,"T1053.001
T1053.002
T1053.003
T1053.004
T1053.005","file-monitoring
process-monitoring
process-command-line-parameters
windows-event-logs"
68,Active,windows,execution,T1053.002,At (Windows),n_a,"file-monitoring
process-command-line-parameters
process-monitoring
windows-event-logs"
69,Active,windows,persistence,T1053.002,At (Windows),n_a,"file-monitoring
process-command-line-parameters
process-monitoring
windows-event-logs"
70,Active,windows,privilege-escalation,T1053.002,At (Windows),n_a,"file-monitoring
process-command-line-parameters
process-monitoring
windows-event-logs"
71,Active,windows,execution,T1053.005,Scheduled Task,n_a,"file-monitoring
process-command-line-parameters
process-monitoring
windows-event-logs"
72,Active,windows,persistence,T1053.005,Scheduled Task,n_a,"file-monitoring
process-command-line-parameters
process-monitoring
windows-event-logs"
73,Active,windows,privilege-escalation,T1053.005,Scheduled Task,n_a,"file-monitoring
process-command-line-parameters
process-monitoring
windows-event-logs"
74,Active,windows,defense-evasion,T1055,Process Injection,"T1055.001
T1055.002
T1055.003
T1055.004
T1055.005
T1055.008
T1055.009
T1055.011
T1055.012
T1055.013
T1055.014","api-monitoring
file-monitoring
dll-monitoring
process-monitoring
named-pipes"
75,Active,windows,privilege-escalation,T1055,Process Injection,"T1055.001
T1055.002
T1055.003
T1055.004
T1055.005
T1055.008
T1055.009
T1055.011
T1055.012
T1055.013
T1055.014","api-monitoring
file-monitoring
dll-monitoring
process-monitoring
named-pipes"
76,Active,windows,defense-evasion,T1055.001,Dynamic-link Library Injection,n_a,"process-monitoring
dll-monitoring
file-monitoring
api-monitoring"
77,Active,windows,privilege-escalation,T1055.001,Dynamic-link Library Injection,n_a,"process-monitoring
dll-monitoring
file-monitoring
api-monitoring"
78,Active,windows,defense-evasion,T1055.002,Portable Executable Injection,n_a,"process-monitoring
api-monitoring"
79,Active,windows,privilege-escalation,T1055.002,Portable Executable Injection,n_a,"process-monitoring
api-monitoring"
80,Active,windows,defense-evasion,T1055.003,Thread Execution Hijacking,n_a,"process-monitoring
api-monitoring"
81,Active,windows,privilege-escalation,T1055.003,Thread Execution Hijacking,n_a,"process-monitoring
api-monitoring"
82,Active,windows,defense-evasion,T1055.004,Asynchronous Procedure Call,n_a,"process-monitoring
api-monitoring"
83,Active,windows,privilege-escalation,T1055.004,Asynchronous Procedure Call,n_a,"process-monitoring
api-monitoring"
84,Active,windows,defense-evasion,T1055.005,Thread Local Storage,n_a,"process-monitoring
api-monitoring"
85,Active,windows,privilege-escalation,T1055.005,Thread Local Storage,n_a,"process-monitoring
api-monitoring"
86,Active,windows,defense-evasion,T1055.011,Extra Window Memory Injection,n_a,"process-monitoring
api-monitoring"
87,Active,windows,privilege-escalation,T1055.011,Extra Window Memory Injection,n_a,"process-monitoring
api-monitoring"
88,Active,windows,defense-evasion,T1055.012,Process Hollowing,n_a,"process-monitoring
api-monitoring"
89,Active,windows,privilege-escalation,T1055.012,Process Hollowing,n_a,"process-monitoring
api-monitoring"
90,Active,windows,defense-evasion,T1055.013,Process Doppelgänging,n_a,"file-monitoring
process-monitoring
api-monitoring"
91,Active,windows,privilege-escalation,T1055.013,Process Doppelgänging,n_a,"file-monitoring
process-monitoring
api-monitoring"
92,Active,windows,collection,T1056,Input Capture,"T1056.001
T1056.002
T1056.003
T1056.004","windows-registry
windows-event-logs
user-interface
process-command-line-parameters
process-monitoring
powershell-logs
loaded-dlls
kernel-drivers
dll-monitoring
binary-file-metadata
api-monitoring"
93,Active,windows,credential-access,T1056,Input Capture,"T1056.001
T1056.002
T1056.003
T1056.004","windows-registry
windows-event-logs
user-interface
process-command-line-parameters
process-monitoring
powershell-logs
loaded-dlls
kernel-drivers
dll-monitoring
binary-file-metadata
api-monitoring"
94,Active,windows,collection,T1056.001,Keylogging,n_a,"windows-registry
process-monitoring
api-monitoring"
95,Active,windows,credential-access,T1056.001,Keylogging,n_a,"windows-registry
process-monitoring
api-monitoring"
96,Active,windows,collection,T1056.002,GUI Input Capture,n_a,"powershell-logs
user-interface
process-command-line-parameters
process-monitoring"
97,Active,windows,credential-access,T1056.002,GUI Input Capture,n_a,"powershell-logs
user-interface
process-command-line-parameters
process-monitoring"
98,Active,windows,collection,T1056.003,Web Portal Capture,n_a,file-monitoring
99,Active,windows,credential-access,T1056.003,Web Portal Capture,n_a,file-monitoring
100,Active,windows,collection,T1056.004,Credential API Hooking,n_a,"windows-event-logs
process-monitoring
loaded-dlls
dll-monitoring
binary-file-metadata
api-monitoring"
101,Active,windows,credential-access,T1056.004,Credential API Hooking,n_a,"windows-event-logs
process-monitoring
loaded-dlls
dll-monitoring
binary-file-metadata
api-monitoring"
102,Active,windows,discovery,T1057,Process Discovery,n_a,"api-monitoring
process-monitoring
process-command-line-parameters"
103,Active,windows,execution,T1059,Command and Scripting Interpreter,"T1059.001
T1059.002
T1059.003
T1059.004
T1059.005
T1059.006
T1059.007","windows-event-logs
powershell-logs
process-monitoring
process-command-line-parameters"
104,Active,windows,execution,T1059.001,PowerShell,n_a,"windows-event-logs
process-monitoring
process-command-line-parameters
powershell-logs
loaded-dlls
file-monitoring
dll-monitoring"
105,Active,windows,execution,T1059.003,Windows Command Shell,n_a,"windows-event-logs
process-command-line-parameters
process-monitoring"
106,Active,windows,execution,T1059.005,Visual Basic,n_a,"dll-monitoring
loaded-dlls
file-monitoring
process-monitoring
process-command-line-parameters"
107,Active,windows,execution,T1059.006,Python,n_a,"system-calls
process-monitoring
process-command-line-parameters
api-monitoring"
108,Active,windows,execution,T1059.007,JavaScript/JScript,n_a,"loaded-dlls
dll-monitoring
file-monitoring
process-command-line-parameters
process-monitoring"
109,Active,windows,privilege-escalation,T1068,Exploitation for Privilege Escalation,n_a,"windows-error-reporting
process-monitoring
application-logs"
110,Active,windows,discovery,T1069,Permission Groups Discovery,"T1069.001
T1069.002
T1069.003","azure-activity-logs
office-365-account-logs
api-monitoring
process-monitoring
process-command-line-parameters"
111,Active,windows,discovery,T1069.001,Local Groups,n_a,"api-monitoring
process-monitoring
process-command-line-parameters"
112,Active,windows,discovery,T1069.002,Domain Groups,n_a,"api-monitoring
process-monitoring
process-command-line-parameters"
113,Active,windows,defense-evasion,T1070,Indicator Removal on Host,"T1070.001
T1070.002
T1070.003
T1070.004
T1070.005
T1070.006","file-monitoring
process-monitoring
process-command-line-parameters
api-monitoring
windows-event-logs"
114,Active,windows,defense-evasion,T1070.001,Clear Windows Event Logs,n_a,"api-monitoring
process-command-line-parameters
process-monitoring
file-monitoring"
115,Active,windows,defense-evasion,T1070.004,File Deletion,n_a,"binary-file-metadata
process-command-line-parameters
file-monitoring"
116,Active,windows,defense-evasion,T1070.005,Network Share Connection Removal,n_a,"authentication-logs
packet-capture
process-command-line-parameters
process-monitoring"
117,Active,windows,defense-evasion,T1070.006,Timestomp,n_a,"process-command-line-parameters
process-monitoring
file-monitoring"
118,Active,windows,command-and-control,T1071,Application Layer Protocol,"T1071.001
T1071.002
T1071.003
T1071.004","dns-records
network-protocol-analysis
packet-capture
netflow-enclave-netflow
process-use-of-network
process-monitoring"
119,Active,windows,command-and-control,T1071.001,Web Protocols,n_a,"network-protocol-analysis
process-monitoring
process-use-of-network
netflow-enclave-netflow
packet-capture"
120,Active,windows,command-and-control,T1071.002,File Transfer Protocols,n_a,"network-protocol-analysis
process-monitoring
process-use-of-network
netflow-enclave-netflow
packet-capture"
121,Active,windows,command-and-control,T1071.003,Mail Protocols,n_a,"network-protocol-analysis
process-monitoring
process-use-of-network
netflow-enclave-netflow
packet-capture"
122,Active,windows,command-and-control,T1071.004,DNS,n_a,"dns-records
netflow-enclave-netflow
process-monitoring
process-use-of-network
netflow-enclave-netflow
packet-capture"
123,Active,windows,execution,T1072,Software Deployment Tools,n_a,"authentication-logs
file-monitoring
third-party-application-logs
windows-registry
process-monitoring
process-use-of-network
binary-file-metadata"
124,Active,windows,lateral-movement,T1072,Software Deployment Tools,n_a,"authentication-logs
file-monitoring
third-party-application-logs
windows-registry
process-monitoring
process-use-of-network
binary-file-metadata"
125,Active,windows,collection,T1074,Data Staged,"T1074.001
T1074.002","file-monitoring
process-monitoring
process-command-line-parameters"
126,Active,windows,collection,T1074.001,Local Data Staging,n_a,"process-command-line-parameters
process-monitoring
file-monitoring"
127,Active,windows,collection,T1074.002,Remote Data Staging,n_a,"process-command-line-parameters
process-monitoring
file-monitoring"
128,Active,windows,defense-evasion,T1078,Valid Accounts,"T1078.001
T1078.002
T1078.003
T1078.004","aws-cloudtrail-logs
stackdriver-logs
authentication-logs
process-monitoring"
129,Active,windows,persistence,T1078,Valid Accounts,"T1078.001
T1078.002
T1078.003
T1078.004","aws-cloudtrail-logs
stackdriver-logs
authentication-logs
process-monitoring"
130,Active,windows,privilege-escalation,T1078,Valid Accounts,"T1078.001
T1078.002
T1078.003
T1078.004","aws-cloudtrail-logs
stackdriver-logs
authentication-logs
process-monitoring"
131,Active,windows,initial-access,T1078,Valid Accounts,"T1078.001
T1078.002
T1078.003
T1078.004","aws-cloudtrail-logs
stackdriver-logs
authentication-logs
process-monitoring"
132,Active,windows,defense-evasion,T1078.001,Default Accounts,n_a,"aws-cloudtrail-logs
stackdriver-logs
authentication-logs
process-monitoring"
133,Active,windows,persistence,T1078.001,Default Accounts,n_a,"aws-cloudtrail-logs
stackdriver-logs
authentication-logs
process-monitoring"
134,Active,windows,privilege-escalation,T1078.001,Default Accounts,n_a,"aws-cloudtrail-logs
stackdriver-logs
authentication-logs
process-monitoring"
135,Active,windows,initial-access,T1078.001,Default Accounts,n_a,"aws-cloudtrail-logs
stackdriver-logs
authentication-logs
process-monitoring"
136,Active,windows,defense-evasion,T1078.002,Domain Accounts,n_a,"authentication-logs
process-monitoring"
137,Active,windows,persistence,T1078.002,Domain Accounts,n_a,"authentication-logs
process-monitoring"
138,Active,windows,privilege-escalation,T1078.002,Domain Accounts,n_a,"authentication-logs
process-monitoring"
139,Active,windows,initial-access,T1078.002,Domain Accounts,n_a,"authentication-logs
process-monitoring"
140,Active,windows,defense-evasion,T1078.003,Local Accounts,n_a,authentication-logs
141,Active,windows,persistence,T1078.003,Local Accounts,n_a,authentication-logs
142,Active,windows,privilege-escalation,T1078.003,Local Accounts,n_a,authentication-logs
143,Active,windows,initial-access,T1078.003,Local Accounts,n_a,authentication-logs
144,Active,windows,lateral-movement,T1080,Taint Shared Content,n_a,"file-monitoring
process-monitoring"
145,Active,windows,discovery,T1082,System Information Discovery,n_a,"azure-activity-logs
stackdriver-logs
aws-cloudtrail-logs
process-monitoring
process-command-line-parameters"
146,Active,windows,discovery,T1083,File and Directory Discovery,n_a,"file-monitoring
process-monitoring
process-command-line-parameters"
147,Active,windows,discovery,T1087,Account Discovery,"T1087.001
T1087.002
T1087.003
T1087.004","azure-activity-logs
office-365-account-logs
api-monitoring
process-monitoring
process-command-line-parameters"
148,Active,windows,discovery,T1087.001,Local Account,n_a,"api-monitoring
process-monitoring
process-command-line-parameters"
149,Active,windows,discovery,T1087.002,Domain Account,n_a,"api-monitoring
process-monitoring
process-command-line-parameters"
150,Active,windows,discovery,T1087.003,Email Account,n_a,"office-365-account-logs
process-monitoring
process-command-line-parameters"
151,Active,windows,command-and-control,T1090,Proxy,"T1090.001
T1090.002
T1090.003
T1090.004","ssl-tls-inspection
process-use-of-network
process-monitoring
netflow-enclave-netflow
packet-capture"
152,Active,windows,command-and-control,T1090.001,Internal Proxy,n_a,"process-use-of-network
process-monitoring
network-protocol-analysis
netflow-enclave-netflow
packet-capture"
153,Active,windows,command-and-control,T1090.002,External Proxy,n_a,"process-use-of-network
process-monitoring
network-protocol-analysis
netflow-enclave-netflow
packet-capture"
154,Active,windows,command-and-control,T1090.003,Multi-hop Proxy,n_a,"network-protocol-analysis
netflow-enclave-netflow"
155,Active,windows,command-and-control,T1090.004,Domain Fronting,n_a,"ssl-tls-inspection
packet-capture"
156,Active,windows,lateral-movement,T1091,Replication Through Removable Media,n_a,"file-monitoring
data-loss-prevention"
157,Active,windows,initial-access,T1091,Replication Through Removable Media,n_a,"file-monitoring
data-loss-prevention"
158,Active,windows,command-and-control,T1092,Communication Through Removable Media,n_a,"file-monitoring
data-loss-prevention"
159,Active,windows,command-and-control,T1095,Non-Application Layer Protocol,n_a,"host-network-interface
netflow-enclave-netflow
network-intrusion-detection-system
network-protocol-analysis
packet-capture
process-use-of-network"
160,Active,windows,persistence,T1098,Account Manipulation,"T1098.001
T1098.002
T1098.003
T1098.004","authentication-logs
windows-event-logs"
161,Active,windows,persistence,T1098.002,Exchange Email Delegate Permissions,n_a,office-365-audit-logs
162,Active,windows,command-and-control,T1102,Web Service,"T1102.001
T1102.002
T1102.003","host-network-interface
netflow-enclave-netflow
network-protocol-analysis
packet-capture
ssl-tls-inspection"
163,Active,windows,command-and-control,T1102.001,Dead Drop Resolver,n_a,"host-network-interface
netflow-enclave-netflow
network-protocol-analysis
packet-capture
ssl-tls-inspection"
164,Active,windows,command-and-control,T1102.002,Bidirectional Communication,n_a,"host-network-interface
netflow-enclave-netflow
network-protocol-analysis
packet-capture
ssl-tls-inspection"
165,Active,windows,command-and-control,T1102.003,One-Way Communication,n_a,"host-network-interface
netflow-enclave-netflow
network-protocol-analysis
packet-capture
ssl-tls-inspection"
166,Active,windows,command-and-control,T1104,Multi-Stage Channels,n_a,"netflow-enclave-netflow
network-device-logs
network-protocol-analysis
packet-capture
process-use-of-network"
167,Active,windows,command-and-control,T1105,Ingress Tool Transfer,n_a,"process-command-line-parameters
file-monitoring
packet-capture
process-use-of-network
netflow-enclave-netflow
network-protocol-analysis
process-monitoring"
168,Active,windows,execution,T1106,Native API,n_a,"system-calls
loaded-dlls
api-monitoring
process-monitoring"
169,Active,windows,credential-access,T1110,Brute Force,"T1110.001
T1110.002
T1110.003
T1110.004","office-365-account-logs
authentication-logs"
170,Active,windows,credential-access,T1110.001,Password Guessing,n_a,"authentication-logs
office-365-account-logs"
171,Active,windows,credential-access,T1110.002,Password Cracking,n_a,"authentication-logs
office-365-account-logs"
172,Active,windows,credential-access,T1110.003,Password Spraying,n_a,"authentication-logs
office-365-account-logs"
173,Active,windows,credential-access,T1110.004,Credential Stuffing,n_a,"authentication-logs
office-365-account-logs"
174,Active,windows,credential-access,T1111,Two-Factor Authentication Interception,n_a,"api-monitoring
process-monitoring
kernel-drivers"
175,Active,windows,defense-evasion,T1112,Modify Registry,n_a,"windows-registry
file-monitoring
process-monitoring
process-command-line-parameters
windows-event-logs"
176,Active,windows,collection,T1113,Screen Capture,n_a,"api-monitoring
process-monitoring
file-monitoring"
177,Active,windows,collection,T1114,Email Collection,"T1114.001
T1114.002
T1114.003","office-365-trace-logs
mail-server
email-gateway
authentication-logs
file-monitoring
process-monitoring
process-use-of-network"
178,Active,windows,collection,T1114.001,Local Email Collection,n_a,"process-monitoring
file-monitoring
authentication-logs
mail-server"
179,Active,windows,collection,T1114.002,Remote Email Collection,n_a,"authentication-logs
email-gateway
mail-server
office-365-trace-logs"
180,Active,windows,collection,T1114.003,Email Forwarding Rule,n_a,"process-use-of-network
process-monitoring
email-gateway
mail-server
office-365-trace-logs"
181,Active,windows,collection,T1115,Clipboard Data,n_a,api-monitoring
182,Active,windows,collection,T1119,Automated Collection,n_a,"file-monitoring
data-loss-prevention
process-command-line-parameters"
183,Active,windows,discovery,T1120,Peripheral Device Discovery,n_a,"powershell-logs
api-monitoring
process-monitoring
process-command-line-parameters"
184,Active,windows,collection,T1123,Audio Capture,n_a,"api-monitoring
process-monitoring
file-monitoring"
185,Active,windows,discovery,T1124,System Time Discovery,n_a,"process-monitoring
process-command-line-parameters
api-monitoring"
186,Active,windows,collection,T1125,Video Capture,n_a,"process-monitoring
file-monitoring
api-monitoring"
187,Active,windows,defense-evasion,T1127,Trusted Developer Utilities Proxy Execution,T1127.001,"file-monitoring
process-monitoring"
188,Active,windows,defense-evasion,T1127.001,MSBuild,n_a,process-monitoring
189,Active,windows,execution,T1129,Shared Modules,n_a,"api-monitoring
dll-monitoring
file-monitoring
process-monitoring"
190,Active,windows,command-and-control,T1132,Data Encoding,"T1132.001
T1132.002","packet-capture
process-use-of-network
process-monitoring
network-protocol-analysis"
191,Active,windows,command-and-control,T1132.001,Standard Encoding,n_a,"packet-capture
process-use-of-network
process-monitoring
network-protocol-analysis"
192,Active,windows,command-and-control,T1132.002,Non-Standard Encoding,n_a,"packet-capture
process-use-of-network
process-monitoring
network-protocol-analysis"
193,Active,windows,persistence,T1133,External Remote Services,n_a,authentication-logs
194,Active,windows,initial-access,T1133,External Remote Services,n_a,authentication-logs
195,Active,windows,defense-evasion,T1134,Access Token Manipulation,"T1134.001
T1134.002
T1134.003
T1134.004
T1134.005","authentication-logs
windows-event-logs
api-monitoring
access-tokens
process-monitoring
process-command-line-parameters"
196,Active,windows,privilege-escalation,T1134,Access Token Manipulation,"T1134.001
T1134.002
T1134.003
T1134.004
T1134.005","authentication-logs
windows-event-logs
api-monitoring
access-tokens
process-monitoring
process-command-line-parameters"
197,Active,windows,defense-evasion,T1134.001,Token Impersonation/Theft,n_a,"process-command-line-parameters
process-monitoring
access-tokens
api-monitoring"
198,Active,windows,privilege-escalation,T1134.001,Token Impersonation/Theft,n_a,"process-command-line-parameters
process-monitoring
access-tokens
api-monitoring"
199,Active,windows,defense-evasion,T1134.002,Create Process with Token,n_a,"process-command-line-parameters
process-monitoring
access-tokens
api-monitoring"
200,Active,windows,privilege-escalation,T1134.002,Create Process with Token,n_a,"process-command-line-parameters
process-monitoring
access-tokens
api-monitoring"
201,Active,windows,defense-evasion,T1134.003,Make and Impersonate Token,n_a,"process-command-line-parameters
process-monitoring
access-tokens
api-monitoring"
202,Active,windows,privilege-escalation,T1134.003,Make and Impersonate Token,n_a,"process-command-line-parameters
process-monitoring
access-tokens
api-monitoring"
203,Active,windows,defense-evasion,T1134.004,Parent PID Spoofing,n_a,"api-monitoring
process-monitoring
windows-event-logs"
204,Active,windows,privilege-escalation,T1134.004,Parent PID Spoofing,n_a,"api-monitoring
process-monitoring
windows-event-logs"
205,Active,windows,defense-evasion,T1134.005,SID-History Injection,n_a,"windows-event-logs
authentication-logs
api-monitoring"
206,Active,windows,privilege-escalation,T1134.005,SID-History Injection,n_a,"windows-event-logs
authentication-logs
api-monitoring"
207,Active,windows,discovery,T1135,Network Share Discovery,n_a,"process-monitoring
process-command-line-parameters
network-protocol-analysis
process-use-of-network"
208,Active,windows,persistence,T1136,Create Account,"T1136.001
T1136.002
T1136.003","office-365-account-logs
azure-activity-logs
aws-cloudtrail-logs
process-monitoring
process-command-line-parameters
authentication-logs
windows-event-logs"
209,Active,windows,persistence,T1136.001,Local Account,n_a,"process-monitoring
process-command-line-parameters
authentication-logs
windows-event-logs"
210,Active,windows,persistence,T1136.002,Domain Account,n_a,"process-monitoring
process-command-line-parameters
authentication-logs
windows-event-logs"
211,Active,windows,persistence,T1137,Office Application Startup,"T1137.001
T1137.002
T1137.003
T1137.004
T1137.005
T1137.006","mail-server
process-monitoring
process-command-line-parameters
windows-registry
file-monitoring"
212,Active,windows,persistence,T1137.001,Office Template Macros,n_a,"windows-registry
process-monitoring
process-command-line-parameters
file-monitoring"
213,Active,windows,persistence,T1137.002,Office Test,n_a,"dll-monitoring
loaded-dlls
process-monitoring
process-command-line-parameters
file-monitoring
windows-registry"
214,Active,windows,persistence,T1137.003,Outlook Forms,n_a,"mail-server
process-command-line-parameters
process-monitoring"
215,Active,windows,persistence,T1137.004,Outlook Home Page,n_a,"mail-server
process-monitoring
process-command-line-parameters"
216,Active,windows,persistence,T1137.005,Outlook Rules,n_a,"mail-server
process-monitoring
process-command-line-parameters"
217,Active,windows,persistence,T1137.006,Add-ins,n_a,"process-command-line-parameters
file-monitoring
windows-registry
process-monitoring"
218,Active,windows,defense-evasion,T1140,Deobfuscate/Decode Files or Information,n_a,"file-monitoring
process-monitoring
process-command-line-parameters"
219,Active,windows,persistence,T1176,Browser Extensions,n_a,"windows-registry
file-monitoring
process-use-of-network
process-monitoring
browser-extensions"
220,Active,windows,collection,T1185,Man in the Browser,n_a,"authentication-logs
packet-capture
process-monitoring
api-monitoring"
221,Active,windows,credential-access,T1187,Forced Authentication,n_a,"file-monitoring
network-protocol-analysis
network-device-logs
process-use-of-network"
222,Active,windows,initial-access,T1189,Drive-by Compromise,n_a,"packet-capture
network-device-logs
process-use-of-network
web-proxy
network-intrusion-detection-system
ssl-tls-inspection"
223,Active,windows,initial-access,T1190,Exploit Public-Facing Application,n_a,"azure-activity-logs
aws-cloudtrail-logs
stackdriver-logs
packet-capture
web-logs
web-application-firewall-logs
application-logs"
224,Active,windows,initial-access,T1195,Supply Chain Compromise,"T1195.001
T1195.002
T1195.003","web-proxy
file-monitoring"
225,Active,windows,initial-access,T1195.001,Compromise Software Dependencies and Development Tools,n_a,"file-monitoring
web-proxy"
226,Active,windows,initial-access,T1195.002,Compromise Software Supply Chain,n_a,"file-monitoring
web-proxy"
227,Active,windows,initial-access,T1195.003,Compromise Hardware Supply Chain,n_a,"component-firmware
bios
disk-forensics
efi"
228,Active,windows,defense-evasion,T1197,BITS Jobs,n_a,"process-monitoring
process-command-line-parameters
packet-capture
windows-event-logs"
229,Active,windows,persistence,T1197,BITS Jobs,n_a,"process-monitoring
process-command-line-parameters
packet-capture
windows-event-logs"
230,Active,windows,initial-access,T1199,Trusted Relationship,n_a,"azure-activity-logs
stackdriver-logs
aws-cloudtrail-logs
application-logs
authentication-logs
third-party-application-logs"
231,Active,windows,initial-access,T1200,Hardware Additions,n_a,"asset-management
data-loss-prevention"
232,Active,windows,discovery,T1201,Password Policy Discovery,n_a,"process-command-line-parameters
process-monitoring"
233,Active,windows,defense-evasion,T1202,Indirect Command Execution,n_a,"file-monitoring
process-monitoring
process-command-line-parameters
windows-event-logs"
234,Active,windows,execution,T1203,Exploitation for Client Execution,n_a,"anti-virus
system-calls
process-monitoring"
235,Active,windows,execution,T1204,User Execution,"T1204.001
T1204.002","anti-virus
process-command-line-parameters
process-monitoring"
236,Active,windows,execution,T1204.001,Malicious Link,n_a,"anti-virus
process-monitoring
web-proxy"
237,Active,windows,execution,T1204.002,Malicious File,n_a,"anti-virus
process-command-line-parameters
process-monitoring"
238,Active,windows,defense-evasion,T1205,Traffic Signaling,T1205.001,"packet-capture
netflow-enclave-netflow"
239,Active,windows,persistence,T1205,Traffic Signaling,T1205.001,"packet-capture
netflow-enclave-netflow"
240,Active,windows,command-and-control,T1205,Traffic Signaling,T1205.001,"packet-capture
netflow-enclave-netflow"
241,Active,windows,defense-evasion,T1205.001,Port Knocking,n_a,"netflow-enclave-netflow
packet-capture"
242,Active,windows,persistence,T1205.001,Port Knocking,n_a,"netflow-enclave-netflow
packet-capture"
243,Active,windows,command-and-control,T1205.001,Port Knocking,n_a,"netflow-enclave-netflow
packet-capture"
244,Active,windows,defense-evasion,T1207,Rogue Domain Controller,n_a,"api-monitoring
authentication-logs
network-protocol-analysis
packet-capture"
245,Active,windows,lateral-movement,T1210,Exploitation of Remote Services,n_a,"windows-error-reporting
process-monitoring
file-monitoring"
246,Active,windows,defense-evasion,T1211,Exploitation for Defense Evasion,n_a,"windows-error-reporting
process-monitoring
file-monitoring"
247,Active,windows,credential-access,T1212,Exploitation for Credential Access,n_a,"authentication-logs
windows-error-reporting
process-monitoring"
248,Active,windows,collection,T1213,Data from Information Repositories,"T1213.001
T1213.002","azure-activity-logs
aws-cloudtrail-logs
stackdriver-logs
oauth-audit-logs
application-logs
authentication-logs
data-loss-prevention
third-party-application-logs"
249,Active,windows,collection,T1213.002,Sharepoint,n_a,"office-365-audit-logs
authentication-logs
application-logs"
250,Active,windows,defense-evasion,T1216,Signed Script Proxy Execution,T1216.001,"process-monitoring
process-command-line-parameters"
251,Active,windows,defense-evasion,T1216.001,PubPrn,n_a,"process-command-line-parameters
process-monitoring"
252,Active,windows,discovery,T1217,Browser Bookmark Discovery,n_a,"api-monitoring
file-monitoring
process-command-line-parameters
process-monitoring"
253,Active,windows,defense-evasion,T1218,Signed Binary Proxy Execution,"T1218.001
T1218.002
T1218.003
T1218.004
T1218.005
T1218.007
T1218.008
T1218.009
T1218.010
T1218.011","api-monitoring
file-monitoring
binary-file-metadata
process-use-of-network
windows-registry
loaded-dlls
dll-monitoring
process-monitoring
process-command-line-parameters"
254,Active,windows,defense-evasion,T1218.001,Compiled HTML File,n_a,"process-command-line-parameters
process-monitoring
file-monitoring"
255,Active,windows,defense-evasion,T1218.002,Control Panel,n_a,"process-monitoring
process-command-line-parameters
windows-registry
dll-monitoring
binary-file-metadata
api-monitoring"
256,Active,windows,defense-evasion,T1218.003,CMSTP,n_a,"windows-event-logs
process-use-of-network
process-command-line-parameters
process-monitoring"
257,Active,windows,defense-evasion,T1218.004,InstallUtil,n_a,"process-command-line-parameters
process-monitoring"
258,Active,windows,defense-evasion,T1218.005,Mshta,n_a,"file-monitoring
process-command-line-parameters
process-monitoring"
259,Active,windows,defense-evasion,T1218.007,Msiexec,n_a,"dll-monitoring
process-command-line-parameters
process-monitoring"
260,Active,windows,defense-evasion,T1218.008,Odbcconf,n_a,"loaded-dlls
process-command-line-parameters
process-monitoring"
261,Active,windows,defense-evasion,T1218.009,Regsvcs/Regasm,n_a,"process-command-line-parameters
process-monitoring"
262,Active,windows,defense-evasion,T1218.010,Regsvr32,n_a,"windows-registry
process-command-line-parameters
process-monitoring
loaded-dlls"
263,Active,windows,defense-evasion,T1218.011,Rundll32,n_a,"dll-monitoring
loaded-dlls
process-command-line-parameters
process-monitoring"
264,Active,windows,command-and-control,T1219,Remote Access Software,n_a,"network-intrusion-detection-system
network-protocol-analysis
process-use-of-network
process-monitoring"
265,Active,windows,defense-evasion,T1220,XSL Script Processing,n_a,"process-monitoring
process-command-line-parameters
process-use-of-network
dll-monitoring"
266,Active,windows,defense-evasion,T1221,Template Injection,n_a,"anti-virus
email-gateway
network-intrusion-detection-system
web-logs"
267,Active,windows,defense-evasion,T1222,File and Directory Permissions Modification,"T1222.001
T1222.002","file-monitoring
process-monitoring
process-command-line-parameters
windows-event-logs"
268,Active,windows,defense-evasion,T1222.001,Windows File and Directory Permissions Modification,n_a,"windows-event-logs
process-command-line-parameters
process-monitoring
file-monitoring"
269,Active,windows,defense-evasion,T1480,Execution Guardrails,T1480.001,process-monitoring
270,Active,windows,defense-evasion,T1480.001,Environmental Keying,n_a,process-monitoring
271,Active,windows,discovery,T1482,Domain Trust Discovery,n_a,"powershell-logs
api-monitoring
process-command-line-parameters
process-monitoring"
272,Active,windows,defense-evasion,T1484,Group Policy Modification,n_a,windows-event-logs
273,Active,windows,privilege-escalation,T1484,Group Policy Modification,n_a,windows-event-logs
274,Active,windows,impact,T1485,Data Destruction,n_a,"file-monitoring
process-command-line-parameters
process-monitoring"
275,Active,windows,impact,T1486,Data Encrypted for Impact,n_a,"kernel-drivers
file-monitoring
process-command-line-parameters
process-monitoring"
276,Active,windows,impact,T1489,Service Stop,n_a,"process-command-line-parameters
process-monitoring
windows-registry
api-monitoring"
277,Active,windows,impact,T1490,Inhibit System Recovery,n_a,"windows-registry
services
windows-event-logs
process-command-line-parameters
process-monitoring"
278,Active,windows,impact,T1491,Defacement,"T1491.001
T1491.002","packet-capture
web-application-firewall-logs
web-logs
packet-capture"
279,Active,windows,impact,T1491.001,Internal Defacement,n_a,"web-logs
web-application-firewall-logs
packet-capture"
280,Active,windows,impact,T1491.002,External Defacement,n_a,"web-logs
web-application-firewall-logs
packet-capture"
281,Active,windows,impact,T1495,Firmware Corruption,n_a,"bios
component-firmware"
282,Active,windows,impact,T1496,Resource Hijacking,n_a,"azure-activity-logs
stackdriver-logs
aws-cloudtrail-logs
process-use-of-network
process-monitoring
network-protocol-analysis
network-device-logs"
283,Active,windows,defense-evasion,T1497,Virtualization/Sandbox Evasion,"T1497.001
T1497.002
T1497.003","process-monitoring
process-command-line-parameters"
284,Active,windows,discovery,T1497,Virtualization/Sandbox Evasion,"T1497.001
T1497.002
T1497.003","process-monitoring
process-command-line-parameters"
285,Active,windows,defense-evasion,T1497.001,System Checks,n_a,"process-command-line-parameters
process-monitoring"
286,Active,windows,discovery,T1497.001,System Checks,n_a,"process-command-line-parameters
process-monitoring"
287,Active,windows,defense-evasion,T1497.002,User Activity Based Checks,n_a,"process-command-line-parameters
process-use-of-network"
288,Active,windows,discovery,T1497.002,User Activity Based Checks,n_a,"process-command-line-parameters
process-use-of-network"
289,Active,windows,defense-evasion,T1497.003,Time Based Evasion,n_a,"process-monitoring
process-command-line-parameters"
290,Active,windows,discovery,T1497.003,Time Based Evasion,n_a,"process-monitoring
process-command-line-parameters"
291,Active,windows,impact,T1498,Network Denial of Service,"T1498.001
T1498.002","sensor-health-and-status
network-protocol-analysis
netflow-enclave-netflow
network-intrusion-detection-system
network-device-logs"
292,Active,windows,impact,T1498.001,Direct Network Flood,n_a,"sensor-health-and-status
network-protocol-analysis
netflow-enclave-netflow
network-intrusion-detection-system
network-device-logs"
293,Active,windows,impact,T1498.002,Reflection Amplification,n_a,"sensor-health-and-status
network-protocol-analysis
netflow-enclave-netflow
network-intrusion-detection-system
network-device-logs"
294,Active,windows,impact,T1499,Endpoint Denial of Service,"T1499.001
T1499.002
T1499.003
T1499.004","ssl-tls-inspection
web-logs
web-application-firewall-logs
network-intrusion-detection-system
network-protocol-analysis
network-device-logs
netflow-enclave-netflow"
295,Active,windows,impact,T1499.001,OS Exhaustion Flood,n_a,"network-device-logs
netflow-enclave-netflow
network-intrusion-detection-system
ssl-tls-inspection"
296,Active,windows,impact,T1499.002,Service Exhaustion Flood,n_a,"netflow-enclave-netflow
network-device-logs
network-intrusion-detection-system
web-application-firewall-logs
web-logs
ssl-tls-inspection"
297,Active,windows,impact,T1499.003,Application Exhaustion Flood,n_a,"network-device-logs
network-device-logs
network-intrusion-detection-system
web-application-firewall-logs
web-logs
ssl-tls-inspection"
298,Active,windows,impact,T1499.004,Application or System Exploitation,n_a,"network-device-logs
network-intrusion-detection-system
web-application-firewall-logs
web-logs
ssl-tls-inspection"
299,Active,windows,persistence,T1505,Server Software Component,"T1505.001
T1505.002
T1505.003","netflow-enclave-netflow
process-monitoring
file-monitoring
application-logs"
300,Active,windows,persistence,T1505.001,SQL Stored Procedures,n_a,application-logs
301,Active,windows,persistence,T1505.002,Transport Agent,n_a,"application-logs
file-monitoring"
302,Active,windows,persistence,T1505.003,Web Shell,n_a,"process-monitoring
netflow-enclave-netflow
file-monitoring
authentication-logs"
303,Active,windows,discovery,T1518,Software Discovery,T1518.001,"stackdriver-logs
azure-activity-logs
aws-cloudtrail-logs
process-command-line-parameters
process-monitoring
file-monitoring"
304,Active,windows,discovery,T1518.001,Security Software Discovery,n_a,"stackdriver-logs
azure-activity-logs
aws-cloudtrail-logs
file-monitoring
process-monitoring
process-command-line-parameters"
305,Active,windows,impact,T1529,System Shutdown/Reboot,n_a,"windows-event-logs
process-command-line-parameters
process-monitoring"
306,Active,windows,impact,T1531,Account Access Removal,n_a,"windows-event-logs
process-command-line-parameters
process-monitoring"
307,Active,windows,lateral-movement,T1534,Internal Spearphishing,n_a,"ssl-tls-inspection
dns-records
anti-virus
web-proxy
file-monitoring
mail-server
office-365-trace-logs"
308,Active,windows,credential-access,T1539,Steal Web Session Cookie,n_a,"file-monitoring
api-monitoring"
309,Active,windows,defense-evasion,T1542,Pre-OS Boot,"T1542.001
T1542.002
T1542.003","vbr
mbr
component-firmware
process-monitoring
disk-forensics
efi
bios
api-monitoring"
310,Active,windows,persistence,T1542,Pre-OS Boot,"T1542.001
T1542.002
T1542.003","vbr
mbr
component-firmware
process-monitoring
disk-forensics
efi
bios
api-monitoring"
311,Active,windows,persistence,T1542.001,System Firmware,n_a,"efi
bios
api-monitoring"
312,Active,windows,defense-evasion,T1542.001,System Firmware,n_a,"efi
bios
api-monitoring"
313,Active,windows,persistence,T1542.002,Component Firmware,n_a,"component-firmware
process-monitoring
disk-forensics
api-monitoring"
314,Active,windows,defense-evasion,T1542.002,Component Firmware,n_a,"component-firmware
process-monitoring
disk-forensics
api-monitoring"
315,Active,windows,persistence,T1542.003,Bootkit,n_a,"vbr
mbr
api-monitoring"
316,Active,windows,defense-evasion,T1542.003,Bootkit,n_a,"vbr
mbr
api-monitoring"
317,Active,windows,persistence,T1543,Create or Modify System Process,"T1543.001
T1543.002
T1543.003
T1543.004","windows-event-logs
windows-registry
file-monitoring
process-command-line-parameters
process-monitoring"
318,Active,windows,privilege-escalation,T1543,Create or Modify System Process,"T1543.001
T1543.002
T1543.003
T1543.004","windows-event-logs
windows-registry
file-monitoring
process-command-line-parameters
process-monitoring"
319,Active,windows,persistence,T1543.003,Windows Service,n_a,"api-monitoring
windows-event-logs
process-command-line-parameters
process-monitoring
file-monitoring
windows-registry"
320,Active,windows,privilege-escalation,T1543.003,Windows Service,n_a,"api-monitoring
windows-event-logs
process-command-line-parameters
process-monitoring
file-monitoring
windows-registry"
321,Active,windows,privilege-escalation,T1546,Event Triggered Execution,"T1546.001
T1546.002
T1546.003
T1546.004
T1546.005
T1546.006
T1546.007
T1546.008
T1546.009
T1546.010
T1546.011
T1546.012
T1546.013
T1546.014
T1546.015","api-monitoring
windows-event-logs
system-calls
binary-file-metadata
process-use-of-network
wmi-objects
file-monitoring
process-command-line-parameters
process-monitoring
loaded-dlls
dll-monitoring
windows-registry"
322,Active,windows,persistence,T1546,Event Triggered Execution,"T1546.001
T1546.002
T1546.003
T1546.004
T1546.005
T1546.006
T1546.007
T1546.008
T1546.009
T1546.010
T1546.011
T1546.012
T1546.013
T1546.014
T1546.015","api-monitoring
windows-event-logs
system-calls
binary-file-metadata
process-use-of-network
wmi-objects
file-monitoring
process-command-line-parameters
process-monitoring
loaded-dlls
dll-monitoring
windows-registry"
323,Active,windows,privilege-escalation,T1546.001,Change Default File Association,n_a,"process-command-line-parameters
process-monitoring
windows-registry"
324,Active,windows,persistence,T1546.001,Change Default File Association,n_a,"process-command-line-parameters
process-monitoring
windows-registry"
325,Active,windows,privilege-escalation,T1546.002,Screensaver,n_a,"file-monitoring
windows-registry
process-command-line-parameters
process-monitoring"
326,Active,windows,persistence,T1546.002,Screensaver,n_a,"file-monitoring
windows-registry
process-command-line-parameters
process-monitoring"
327,Active,windows,privilege-escalation,T1546.003,Windows Management Instrumentation Event Subscription,n_a,"process-command-line-parameters
process-monitoring
wmi-objects"
328,Active,windows,persistence,T1546.003,Windows Management Instrumentation Event Subscription,n_a,"process-command-line-parameters
process-monitoring
wmi-objects"
329,Active,windows,privilege-escalation,T1546.007,Netsh Helper DLL,n_a,"process-command-line-parameters
process-monitoring
windows-registry
dll-monitoring"
330,Active,windows,persistence,T1546.007,Netsh Helper DLL,n_a,"process-command-line-parameters
process-monitoring
windows-registry
dll-monitoring"
331,Active,windows,privilege-escalation,T1546.008,Accessibility Features,n_a,"process-command-line-parameters
process-monitoring
file-monitoring
windows-registry"
332,Active,windows,persistence,T1546.008,Accessibility Features,n_a,"process-command-line-parameters
process-monitoring
file-monitoring
windows-registry"
333,Active,windows,privilege-escalation,T1546.009,AppCert DLLs,n_a,"windows-registry
process-command-line-parameters
process-monitoring
loaded-dlls"
334,Active,windows,persistence,T1546.009,AppCert DLLs,n_a,"windows-registry
process-command-line-parameters
process-monitoring
loaded-dlls"
335,Active,windows,privilege-escalation,T1546.010,AppInit DLLs,n_a,"windows-registry
process-command-line-parameters
process-monitoring
loaded-dlls"
336,Active,windows,persistence,T1546.010,AppInit DLLs,n_a,"windows-registry
process-command-line-parameters
process-monitoring
loaded-dlls"
337,Active,windows,privilege-escalation,T1546.011,Application Shimming,n_a,"process-command-line-parameters
process-monitoring
windows-registry"
338,Active,windows,persistence,T1546.011,Application Shimming,n_a,"process-command-line-parameters
process-monitoring
windows-registry"
339,Active,windows,privilege-escalation,T1546.012,Image File Execution Options Injection,n_a,"api-monitoring
windows-event-logs
windows-registry
process-command-line-parameters
process-monitoring"
340,Active,windows,persistence,T1546.012,Image File Execution Options Injection,n_a,"api-monitoring
windows-event-logs
windows-registry
process-command-line-parameters
process-monitoring"
341,Active,windows,privilege-escalation,T1546.013,PowerShell Profile,n_a,"powershell-logs
file-monitoring
process-command-line-parameters
process-monitoring"
342,Active,windows,persistence,T1546.013,PowerShell Profile,n_a,"powershell-logs
file-monitoring
process-command-line-parameters
process-monitoring"
343,Active,windows,privilege-escalation,T1546.015,Component Object Model Hijacking,n_a,"process-command-line-parameters
process-monitoring
loaded-dlls
dll-monitoring
windows-registry"
344,Active,windows,persistence,T1546.015,Component Object Model Hijacking,n_a,"process-command-line-parameters
process-monitoring
loaded-dlls
dll-monitoring
windows-registry"
345,Active,windows,persistence,T1547,Boot or Logon Autostart Execution,"T1547.001
T1547.002
T1547.003
T1547.004
T1547.005
T1547.006
T1547.007
T1547.008
T1547.009
T1547.010
T1547.011",none
346,Active,windows,privilege-escalation,T1547,Boot or Logon Autostart Execution,"T1547.001
T1547.002
T1547.003
T1547.004
T1547.005
T1547.006
T1547.007
T1547.008
T1547.009
T1547.010
T1547.011",none
347,Active,windows,persistence,T1547.001,Registry Run Keys / Startup Folder,n_a,"windows-registry
file-monitoring"
348,Active,windows,privilege-escalation,T1547.001,Registry Run Keys / Startup Folder,n_a,"windows-registry
file-monitoring"
349,Active,windows,persistence,T1547.002,Authentication Package,n_a,"dll-monitoring
windows-registry
loaded-dlls"
350,Active,windows,privilege-escalation,T1547.002,Authentication Package,n_a,"dll-monitoring
windows-registry
loaded-dlls"
351,Active,windows,persistence,T1547.003,Time Providers,n_a,"api-monitoring
binary-file-metadata
dll-monitoring
file-monitoring
loaded-dlls
process-monitoring"
352,Active,windows,privilege-escalation,T1547.003,Time Providers,n_a,"api-monitoring
binary-file-metadata
dll-monitoring
file-monitoring
loaded-dlls
process-monitoring"
353,Active,windows,persistence,T1547.004,Winlogon Helper DLL,n_a,"windows-registry
file-monitoring
process-monitoring"
354,Active,windows,privilege-escalation,T1547.004,Winlogon Helper DLL,n_a,"windows-registry
file-monitoring
process-monitoring"
355,Active,windows,persistence,T1547.005,Security Support Provider,n_a,"dll-monitoring
windows-registry
loaded-dlls"
356,Active,windows,privilege-escalation,T1547.005,Security Support Provider,n_a,"dll-monitoring
windows-registry
loaded-dlls"
357,Active,windows,persistence,T1547.008,LSASS Driver,n_a,"dll-monitoring
file-monitoring
loaded-dlls
process-monitoring"
358,Active,windows,privilege-escalation,T1547.008,LSASS Driver,n_a,"dll-monitoring
file-monitoring
loaded-dlls
process-monitoring"
359,Active,windows,persistence,T1547.009,Shortcut Modification,n_a,"file-monitoring
process-monitoring
process-command-line-parameters"
360,Active,windows,privilege-escalation,T1547.009,Shortcut Modification,n_a,"file-monitoring
process-monitoring
process-command-line-parameters"
361,Active,windows,persistence,T1547.010,Port Monitors,n_a,"file-monitoring
api-monitoring
dll-monitoring
windows-registry
process-monitoring"
362,Active,windows,privilege-escalation,T1547.010,Port Monitors,n_a,"file-monitoring
api-monitoring
dll-monitoring
windows-registry
process-monitoring"
363,Active,windows,privilege-escalation,T1548,Abuse Elevation Control Mechanism,"T1548.001
T1548.002
T1548.003
T1548.004","windows-registry
file-monitoring
process-command-line-parameters
api-monitoring
process-monitoring"
364,Active,windows,defense-evasion,T1548,Abuse Elevation Control Mechanism,"T1548.001
T1548.002
T1548.003
T1548.004","windows-registry
file-monitoring
process-command-line-parameters
api-monitoring
process-monitoring"
365,Active,windows,privilege-escalation,T1548.002,Bypass User Access Control,n_a,"windows-registry
process-command-line-parameters
process-monitoring"
366,Active,windows,defense-evasion,T1548.002,Bypass User Access Control,n_a,"windows-registry
process-command-line-parameters
process-monitoring"
367,Active,windows,defense-evasion,T1550,Use Alternate Authentication Material,"T1550.001
T1550.002
T1550.003
T1550.004","office-365-audit-logs
oauth-audit-logs
authentication-logs"
368,Active,windows,lateral-movement,T1550,Use Alternate Authentication Material,"T1550.001
T1550.002
T1550.003
T1550.004","office-365-audit-logs
oauth-audit-logs
authentication-logs"
369,Active,windows,defense-evasion,T1550.002,Pass the Hash,n_a,authentication-logs
370,Active,windows,lateral-movement,T1550.002,Pass the Hash,n_a,authentication-logs
371,Active,windows,defense-evasion,T1550.003,Pass the Ticket,n_a,authentication-logs
372,Active,windows,lateral-movement,T1550.003,Pass the Ticket,n_a,authentication-logs
373,Active,windows,credential-access,T1552,Unsecured Credentials,"T1552.001
T1552.002
T1552.003
T1552.004
T1552.005
T1552.006","file-monitoring
windows-registry
process-monitoring
process-command-line-parameters"
374,Active,windows,credential-access,T1552.001,Credentials In Files,n_a,"process-command-line-parameters
file-monitoring"
375,Active,windows,credential-access,T1552.002,Credentials in Registry,n_a,"process-command-line-parameters
process-monitoring
windows-registry"
376,Active,windows,credential-access,T1552.004,Private Keys,n_a,file-monitoring
377,Active,windows,credential-access,T1552.006,Group Policy Preferences,n_a,"process-command-line-parameters
windows-event-logs"
378,Active,windows,defense-evasion,T1553,Subvert Trust Controls,"T1553.001
T1553.002
T1553.003
T1553.004","binary-file-metadata
file-monitoring
process-command-line-parameters
process-monitoring
api-monitoring
application-logs
dll-monitoring
loaded-dlls
windows-registry
windows-event-logs"
379,Active,windows,defense-evasion,T1553.002,Code Signing,n_a,binary-file-metadata
380,Active,windows,defense-evasion,T1553.003,SIP and Trust Provider Hijacking,n_a,"windows-registry
api-monitoring
application-logs
dll-monitoring
loaded-dlls
process-monitoring
windows-registry
windows-event-logs"
381,Active,windows,defense-evasion,T1553.004,Install Root Certificate,n_a,"ssl-tls-inspection
digital-certificate-logs"
382,Active,windows,persistence,T1554,Compromise Client Software Binary,n_a,"process-monitoring
binary-file-metadata"
383,Active,windows,credential-access,T1555,Credentials from Password Stores,"T1555.001
T1555.002
T1555.003","powershell-logs
api-monitoring
file-monitoring
process-monitoring
system-calls"
384,Active,windows,credential-access,T1555.003,Credentials from Web Browsers,n_a,"file-monitoring
api-monitoring
powershell-logs
process-monitoring"
385,Active,windows,credential-access,T1556,Modify Authentication Process,"T1556.001
T1556.002
T1556.003","file-monitoring
authentication-logs
api-monitoring
windows-registry
process-monitoring
dll-monitoring"
386,Active,windows,defense-evasion,T1556,Modify Authentication Process,"T1556.001
T1556.002
T1556.003","file-monitoring
authentication-logs
api-monitoring
windows-registry
process-monitoring
dll-monitoring"
387,Active,windows,credential-access,T1556.001,Domain Controller Authentication,n_a,"authentication-logs
api-monitoring
dll-monitoring"
388,Active,windows,defense-evasion,T1556.001,Domain Controller Authentication,n_a,"authentication-logs
api-monitoring
dll-monitoring"
389,Active,windows,credential-access,T1556.002,Password Filter DLL,n_a,"file-monitoring
dll-monitoring"
390,Active,windows,defense-evasion,T1556.002,Password Filter DLL,n_a,"file-monitoring
dll-monitoring"
391,Active,windows,credential-access,T1557,Man-in-the-Middle,T1557.001,"file-monitoring
netflow-enclave-netflow
packet-capture"
392,Active,windows,collection,T1557,Man-in-the-Middle,T1557.001,"file-monitoring
netflow-enclave-netflow
packet-capture"
393,Active,windows,credential-access,T1557.001,LLMNR/NBT-NS Poisoning and SMB Relay,n_a,"windows-event-logs
windows-registry
packet-capture
netflow-enclave-netflow"
394,Active,windows,collection,T1557.001,LLMNR/NBT-NS Poisoning and SMB Relay,n_a,"windows-event-logs
windows-registry
packet-capture
netflow-enclave-netflow"
395,Active,windows,credential-access,T1558,Steal or Forge Kerberos Tickets,"T1558.001
T1558.002
T1558.003","windows-event-logs
authentication-logs"
396,Active,windows,credential-access,T1558.001,Golden Ticket,n_a,"authentication-logs
windows-event-logs"
397,Active,windows,credential-access,T1558.002,Silver Ticket,n_a,"authentication-logs
windows-event-logs"
398,Active,windows,credential-access,T1558.003,Kerberoasting,n_a,"authentication-logs
windows-event-logs"
399,Active,windows,execution,T1559,Inter-Process Communication,"T1559.001
T1559.002","process-monitoring
dll-monitoring
file-monitoring"
400,Active,windows,execution,T1559.001,Component Object Model,n_a,"process-monitoring
dll-monitoring"
401,Active,windows,execution,T1559.002,Dynamic Data Exchange,n_a,"process-monitoring
dll-monitoring
file-monitoring"
402,Active,windows,collection,T1560,Archive Collected Data,"T1560.001
T1560.002
T1560.003","process-monitoring
process-command-line-parameters
file-monitoring
binary-file-metadata"
403,Active,windows,collection,T1560.001,Archive via Utility,n_a,"process-monitoring
process-command-line-parameters
file-monitoring
binary-file-metadata"
404,Active,windows,collection,T1560.002,Archive via Library,n_a,"process-monitoring
process-command-line-parameters"
405,Active,windows,collection,T1560.003,Archive via Custom Method,n_a,none
406,Active,windows,impact,T1561,Disk Wipe,"T1561.001
T1561.002","kernel-drivers
process-monitoring
process-command-line-parameters"
407,Active,windows,impact,T1561.001,Disk Content Wipe,n_a,"kernel-drivers
process-monitoring
process-command-line-parameters"
408,Active,windows,impact,T1561.002,Disk Structure Wipe,n_a,"kernel-drivers
process-monitoring
process-command-line-parameters"
409,Active,windows,defense-evasion,T1562,Impair Defenses,"T1562.001
T1562.002
T1562.003
T1562.004
T1562.006
T1562.007","gcp-audit-logs
azure-activity-logs
aws-cloudtrail-logs
anti-virus
services
api-monitoring
environment-variable
authentication-logs
file-monitoring
process-command-line-parameters
process-monitoring
windows-registry"
410,Active,windows,defense-evasion,T1562.001,Disable or Modify Tools,n_a,"process-command-line-parameters
windows-registry
services
file-monitoring"
411,Active,windows,defense-evasion,T1562.002,Disable Windows Event Logging,n_a,"process-monitoring
windows-event-logs
process-command-line-parameters"
412,Active,windows,defense-evasion,T1562.004,Disable or Modify System Firewall,n_a,"file-monitoring
process-command-line-parameters
windows-registry"
413,Active,windows,defense-evasion,T1562.006,Indicator Blocking,n_a,"process-command-line-parameters
process-monitoring
sensor-health-and-status"
414,Active,windows,lateral-movement,T1563,Remote Service Session Hijacking,"T1563.001
T1563.002","process-command-line-parameters
process-monitoring
netflow-enclave-netflow
authentication-logs"
415,Active,windows,lateral-movement,T1563.002,RDP Hijacking,n_a,"process-monitoring
netflow-enclave-netflow
authentication-logs"
416,Active,windows,defense-evasion,T1564,Hide Artifacts,"T1564.001
T1564.002
T1564.003
T1564.004
T1564.005
T1564.006","api-monitoring
powershell-logs
authentication-logs
process-command-line-parameters
process-monitoring
file-monitoring"
417,Active,windows,defense-evasion,T1564.001,Hidden Files and Directories,n_a,"process-command-line-parameters
process-monitoring
file-monitoring"
418,Active,windows,defense-evasion,T1564.003,Hidden Window,n_a,"file-monitoring
process-monitoring
process-command-line-parameters
powershell-logs"
419,Active,windows,defense-evasion,T1564.004,NTFS File Attributes,n_a,"process-command-line-parameters
api-monitoring
file-monitoring"
420,Active,windows,defense-evasion,T1564.005,Hidden File System,n_a,"file-monitoring
windows-registry"
421,Active,windows,defense-evasion,T1564.006,Run Virtual Instance,n_a,"packet-capture
host-network-interface
windows-registry
file-monitoring
process-monitoring
process-command-line-parameters"
422,Active,windows,impact,T1565,Data Manipulation,"T1565.001
T1565.002
T1565.003","packet-capture
network-protocol-analysis
file-monitoring
application-logs"
423,Active,windows,impact,T1565.001,Stored Data Manipulation,n_a,"file-monitoring
application-logs"
424,Active,windows,impact,T1565.002,Transmitted Data Manipulation,n_a,"packet-capture
network-protocol-analysis"
425,Active,windows,impact,T1565.003,Runtime Data Manipulation,n_a,"process-monitoring
file-monitoring"
426,Active,windows,initial-access,T1566,Phishing,"T1566.001
T1566.002
T1566.003","file-monitoring
packet-capture
web-proxy
email-gateway
mail-server
network-intrusion-detection-system
detonation-chamber
ssl-tls-inspection
anti-virus"
427,Active,windows,initial-access,T1566.001,Spearphishing Attachment,n_a,"file-monitoring
packet-capture
network-intrusion-detection-system
detonation-chamber
email-gateway
mail-server"
428,Active,windows,initial-access,T1566.002,Spearphishing Link,n_a,"packet-capture
web-proxy
email-gateway
detonation-chamber
ssl-tls-inspection
dns-records
mail-server"
429,Active,windows,initial-access,T1566.003,Spearphishing via Service,n_a,"ssl-tls-inspection
anti-virus
web-proxy"
430,Active,windows,exfiltration,T1567,Exfiltration Over Web Service,"T1567.001
T1567.002","process-monitoring
process-use-of-network
packet-capture
netflow-enclave-netflow
network-protocol-analysis
ssl-tls-inspection"
431,Active,windows,exfiltration,T1567.001,Exfiltration to Code Repository,n_a,"process-monitoring
process-use-of-network
packet-capture
netflow-enclave-netflow
network-protocol-analysis
ssl-tls-inspection"
432,Active,windows,exfiltration,T1567.002,Exfiltration to Cloud Storage,n_a,"process-monitoring
process-use-of-network
packet-capture
netflow-enclave-netflow
network-protocol-analysis
ssl-tls-inspection"
433,Active,windows,command-and-control,T1568,Dynamic Resolution,"T1568.001
T1568.002
T1568.003","ssl-tls-inspection
web-logs
dns-records"
434,Active,windows,command-and-control,T1568.001,Fast Flux DNS,n_a,dns-records
435,Active,windows,command-and-control,T1568.002,Domain Generation Algorithms,n_a,"dns-records
netflow-enclave-netflow
network-device-logs
packet-capture
process-use-of-network"
436,Active,windows,command-and-control,T1568.003,DNS Calculation,n_a,dns-records
437,Active,windows,execution,T1569,System Services,"T1569.001
T1569.002","windows-registry
process-command-line-parameters
process-monitoring
file-monitoring"
438,Active,windows,execution,T1569.002,Service Execution,n_a,"windows-registry
process-monitoring
process-command-line-parameters"
439,Active,windows,lateral-movement,T1570,Lateral Tool Transfer,n_a,"process-command-line-parameters
file-monitoring
packet-capture
process-use-of-network
netflow-enclave-netflow
network-protocol-analysis
process-monitoring"
440,Active,windows,command-and-control,T1571,Non-Standard Port,n_a,"process-monitoring
process-use-of-network
netflow-enclave-netflow
packet-capture"
441,Active,windows,command-and-control,T1572,Protocol Tunneling,n_a,"network-protocol-analysis
process-monitoring
process-use-of-network
netflow-enclave-netflow
packet-capture"
442,Active,windows,command-and-control,T1573,Encrypted Channel,"T1573.001
T1573.002","ssl-tls-inspection
process-monitoring
process-use-of-network
malware-reverse-engineering
netflow-enclave-netflow
packet-capture"
443,Active,windows,command-and-control,T1573.001,Symmetric Cryptography,n_a,"ssl-tls-inspection
process-monitoring
process-use-of-network
malware-reverse-engineering
netflow-enclave-netflow
packet-capture"
444,Active,windows,command-and-control,T1573.002,Asymmetric Cryptography,n_a,"process-monitoring
process-use-of-network
malware-reverse-engineering
netflow-enclave-netflow
packet-capture"
445,Active,windows,persistence,T1574,Hijack Execution Flow,"T1574.001
T1574.002
T1574.004
T1574.005
T1574.006
T1574.007
T1574.008
T1574.009
T1574.010
T1574.011
T1574.012","environment-variable
loaded-dlls
process-command-line-parameters
process-monitoring
file-monitoring
dll-monitoring"
446,Active,windows,privilege-escalation,T1574,Hijack Execution Flow,"T1574.001
T1574.002
T1574.004
T1574.005
T1574.006
T1574.007
T1574.008
T1574.009
T1574.010
T1574.011
T1574.012","environment-variable
loaded-dlls
process-command-line-parameters
process-monitoring
file-monitoring
dll-monitoring"
447,Active,windows,defense-evasion,T1574,Hijack Execution Flow,"T1574.001
T1574.002
T1574.004
T1574.005
T1574.006
T1574.007
T1574.008
T1574.009
T1574.010
T1574.011
T1574.012","environment-variable
loaded-dlls
process-command-line-parameters
process-monitoring
file-monitoring
dll-monitoring"
448,Active,windows,persistence,T1574.001,DLL Search Order Hijacking,n_a,"process-command-line-parameters
process-monitoring
dll-monitoring
file-monitoring"
449,Active,windows,privilege-escalation,T1574.001,DLL Search Order Hijacking,n_a,"process-command-line-parameters
process-monitoring
dll-monitoring
file-monitoring"
450,Active,windows,defense-evasion,T1574.001,DLL Search Order Hijacking,n_a,"process-command-line-parameters
process-monitoring
dll-monitoring
file-monitoring"
451,Active,windows,persistence,T1574.002,DLL Side-Loading,n_a,"loaded-dlls
process-monitoring
process-use-of-network"
452,Active,windows,privilege-escalation,T1574.002,DLL Side-Loading,n_a,"loaded-dlls
process-monitoring
process-use-of-network"
453,Active,windows,defense-evasion,T1574.002,DLL Side-Loading,n_a,"loaded-dlls
process-monitoring
process-use-of-network"
454,Active,windows,persistence,T1574.005,Executable Installer File Permissions Weakness,n_a,"process-command-line-parameters
file-monitoring"
455,Active,windows,privilege-escalation,T1574.005,Executable Installer File Permissions Weakness,n_a,"process-command-line-parameters
file-monitoring"
456,Active,windows,defense-evasion,T1574.005,Executable Installer File Permissions Weakness,n_a,"process-command-line-parameters
file-monitoring"
457,Active,windows,persistence,T1574.007,Path Interception by PATH Environment Variable,n_a,"process-monitoring
file-monitoring"
458,Active,windows,privilege-escalation,T1574.007,Path Interception by PATH Environment Variable,n_a,"process-monitoring
file-monitoring"
459,Active,windows,defense-evasion,T1574.007,Path Interception by PATH Environment Variable,n_a,"process-monitoring
file-monitoring"
460,Active,windows,persistence,T1574.008,Path Interception by Search Order Hijacking,n_a,"process-monitoring
file-monitoring"
461,Active,windows,privilege-escalation,T1574.008,Path Interception by Search Order Hijacking,n_a,"process-monitoring
file-monitoring"
462,Active,windows,defense-evasion,T1574.008,Path Interception by Search Order Hijacking,n_a,"process-monitoring
file-monitoring"
463,Active,windows,persistence,T1574.009,Path Interception by Unquoted Path,n_a,"process-monitoring
file-monitoring"
464,Active,windows,privilege-escalation,T1574.009,Path Interception by Unquoted Path,n_a,"process-monitoring
file-monitoring"
465,Active,windows,defense-evasion,T1574.009,Path Interception by Unquoted Path,n_a,"process-monitoring
file-monitoring"
466,Active,windows,persistence,T1574.010,Services File Permissions Weakness,n_a,"process-command-line-parameters
services
file-monitoring"
467,Active,windows,privilege-escalation,T1574.010,Services File Permissions Weakness,n_a,"process-command-line-parameters
services
file-monitoring"
468,Active,windows,defense-evasion,T1574.010,Services File Permissions Weakness,n_a,"process-command-line-parameters
services
file-monitoring"
469,Active,windows,persistence,T1574.011,Services Registry Permissions Weakness,n_a,"windows-registry
services
process-command-line-parameters"
470,Active,windows,privilege-escalation,T1574.011,Services Registry Permissions Weakness,n_a,"windows-registry
services
process-command-line-parameters"
471,Active,windows,defense-evasion,T1574.011,Services Registry Permissions Weakness,n_a,"windows-registry
services
process-command-line-parameters"
472,Active,windows,persistence,T1574.012,COR_PROFILER,n_a,"windows-registry
file-monitoring
process-monitoring
process-command-line-parameters"
473,Active,windows,privilege-escalation,T1574.012,COR_PROFILER,n_a,"windows-registry
file-monitoring
process-monitoring
process-command-line-parameters"
474,Active,windows,defense-evasion,T1574.012,COR_PROFILER,n_a,"windows-registry
file-monitoring
process-monitoring
process-command-line-parameters"
